endpoint,page_size,iteration,response_time_ms,status_code
naive,10,1,360.096,200
naive,10,2,10.092,200
naive,10,3,6.577,200
naive,10,4,7.327,200
naive,10,5,6.269,200
naive,10,6,6.132,200
naive,10,7,10.358,200
naive,10,8,12.391,200
naive,10,9,7.785,200
naive,10,10,7.772,200
naive,10,11,6.324,200
naive,10,12,6.754,200
naive,10,13,6.309,200
naive,10,14,5.295,200
naive,10,15,6.897,200
naive,10,16,6.539,200
naive,10,17,6.075,200
naive,10,18,6.167,200
naive,10,19,7.572,200
naive,10,20,6.05,200
naive,10,21,7.941,200
naive,10,22,6.462,200
naive,10,23,6.596,200
naive,10,24,6.119,200
naive,10,25,6.447,200
naive,10,26,6.48,200
naive,10,27,6.581,200
naive,10,28,6.226,200
naive,10,29,5.564,200
naive,10,30,8.409,200
naive,50,1,17.963,200
naive,50,2,17.755,200
naive,50,3,18.825,200
naive,50,4,18.162,200
naive,50,5,15.789,200
naive,50,6,14.181,200
naive,50,7,14.841,200
naive,50,8,18.44,200
naive,50,9,15.036,200
naive,50,10,18.747,200
naive,50,11,14.682,200
naive,50,12,14.215,200
naive,50,13,15.93,200
naive,50,14,16.617,200
naive,50,15,17.712,200
naive,50,16,23.086,200
naive,50,17,18.048,200
naive,50,18,19.404,200
naive,50,19,16.556,200
naive,50,20,14.702,200
naive,50,21,31.267,200
naive,50,22,15.232,200
naive,50,23,15.375,200
naive,50,24,15.831,200
naive,50,25,15.114,200
naive,50,26,14.521,200
naive,50,27,14.244,200
naive,50,28,14.506,200
naive,50,29,15.647,200
naive,50,30,17.115,200
naive,200,1,54.921,200
naive,200,2,41.113,200
naive,200,3,39.406,200
naive,200,4,40.759,200
naive,200,5,37.897,200
naive,200,6,38.954,200
naive,200,7,38.31,200
naive,200,8,38.229,200
naive,200,9,37.687,200
naive,200,10,38.125,200
naive,200,11,37.233,200
naive,200,12,37.636,200
naive,200,13,37.723,200
naive,200,14,37.502,200
naive,200,15,37.534,200
naive,200,16,36.041,200
naive,200,17,35.896,200
naive,200,18,35.916,200
naive,200,19,35.752,200
naive,200,20,36.078,200
naive,200,21,37.739,200
naive,200,22,37.903,200
naive,200,23,37.781,200
naive,200,24,37.486,200
naive,200,25,40.781,200
naive,200,26,37.961,200
naive,200,27,51.121,200
naive,200,28,37.893,200
naive,200,29,37.494,200
naive,200,30,37.502,200
fixed,10,1,4.704,200
fixed,10,2,3.039,200
fixed,10,3,2.646,200
fixed,10,4,2.436,200
fixed,10,5,2.268,200
fixed,10,6,2.543,200
fixed,10,7,2.355,200
fixed,10,8,2.766,200
fixed,10,9,2.285,200
fixed,10,10,2.323,200
fixed,10,11,2.431,200
fixed,10,12,2.534,200
fixed,10,13,2.65,200
fixed,10,14,2.581,200
fixed,10,15,2.874,200
fixed,10,16,3.431,200
fixed,10,17,2.786,200
fixed,10,18,3.401,200
fixed,10,19,3.306,200
fixed,10,20,3.354,200
fixed,10,21,3.444,200
fixed,10,22,3.584,200
fixed,10,23,3.841,200
fixed,10,24,3.817,200
fixed,10,25,4.226,200
fixed,10,26,5.13,200
fixed,10,27,5.054,200
fixed,10,28,4.784,200
fixed,10,29,5.628,200
fixed,10,30,5.53,200
fixed,50,1,7.608,200
fixed,50,2,5.837,200
fixed,50,3,12.664,200
fixed,50,4,4.598,200
fixed,50,5,3.748,200
fixed,50,6,3.868,200
fixed,50,7,4.321,200
fixed,50,8,3.99,200
fixed,50,9,5.276,200
fixed,50,10,4.16,200
fixed,50,11,4.302,200
fixed,50,12,4.188,200
fixed,50,13,5.14,200
fixed,50,14,5.059,200
fixed,50,15,4.378,200
fixed,50,16,4.164,200
fixed,50,17,3.793,200
fixed,50,18,4.323,200
fixed,50,19,5.368,200
fixed,50,20,3.687,200
fixed,50,21,4.18,200
fixed,50,22,3.9,200
fixed,50,23,4.143,200
fixed,50,24,4.173,200
fixed,50,25,4.253,200
fixed,50,26,4.127,200
fixed,50,27,4.444,200
fixed,50,28,4.502,200
fixed,50,29,4.364,200
fixed,50,30,4.295,200
fixed,200,1,7.446,200
fixed,200,2,6.31,200
fixed,200,3,6.384,200
fixed,200,4,7.484,200
fixed,200,5,6.218,200
fixed,200,6,6.338,200
fixed,200,7,6.133,200
fixed,200,8,6.309,200
fixed,200,9,6.286,200
fixed,200,10,6.23,200
fixed,200,11,6.506,200
fixed,200,12,6.79,200
fixed,200,13,7.954,200
fixed,200,14,6.916,200
fixed,200,15,7.439,200
fixed,200,16,7.49,200
fixed,200,17,9.27,200
fixed,200,18,7.827,200
fixed,200,19,8.874,200
fixed,200,20,9.008,200
fixed,200,21,9.352,200
fixed,200,22,8.705,200
fixed,200,23,8.5,200
fixed,200,24,8.966,200
fixed,200,25,6.895,200
fixed,200,26,7.121,200
fixed,200,27,6.355,200
fixed,200,28,6.055,200
fixed,200,29,6.165,200
fixed,200,30,6.205,200
